URL,title
https://www.nationwide.com/personal/insurance/auto/,Car Insurance - Get a Free Auto Insurance Quote – Nationwide
https://www.nationwide.com/personal/insurance/motorcycle/,Motorcycle Insurance Quotes from Nationwide
https://www.nationwide.com/personal/insurance/snowmobile/,Snowmobile Insurance and Quotes – Nationwide
https://www.nationwide.com/personal/insurance/auto/classic-car/,Classic & Collector Car Insurance – Nationwide
https://www.nationwide.com/personal/insurance/atv/,ATV Insurance and ATV Insurance Quotes – Nationwide
https://www.nationwide.com/personal/insurance/rv/,RV Insurance Quotes – Nationwide
https://www.nationwide.com/personal/insurance/boat/,Boat Insurance Quotes – Nationwide
https://www.nationwide.com/personal/insurance/personal-watercraft/,Jet Ski Insurance and Personal Watercraft Insurance – Nationwide
https://www.nationwide.com/personal/insurance/scooter/,Moped and Scooter Insurance from Nationwide
https://www.nationwide.com/personal/insurance/golf-cart/,Golf Cart Insurance – Nationwide
https://www.nationwide.com/business/insurance/auto/,Commercial Auto Insurance – Request a Quote – Nationwide
https://www.nationwide.com/personal/insurance/auto/discounts/types/multi-policy,Home and Auto Insurance – Nationwide
https://www.nationwide.com/personal/insurance/homeowners/,Homeowners Insurance Quotes - Nationwide
https://www.nationwide.com/personal/insurance/renters/,Renters Insurance Quotes - Nationwide
https://www.nationwide.com/personal/insurance/condo/,Condo Insurance Quotes – Nationwide
https://www.nationwide.com/personal/insurance/flood/,Flood Insurance Coverage from Nationwide
https://www.nationwide.com/business/insurance/property/,Commercial Property Insurance - Nationwide
https://www.nationwide.com/personal/insurance/auto/discounts/types/multi-policy,Home and Auto Insurance – Nationwide
https://www.nationwide.com/personal/insurance/life/,Life Insurance – Get an Affordable Quote – Nationwide
https://www.nationwide.com/personal/insurance/life/term/,Term Life Insurance – Get a Quote – Nationwide
https://www.nationwide.com/personal/insurance/life/whole/,Whole Life Insurance – Nationwide
https://www.nationwide.com/personal/insurance/pet/,Pet Health Insurance – Nationwide
https://www.nationwide.com/personal/insurance/multi-flex-dental-plan/,Multiflex Dental Insurance from Nationwide
https://www.nationwide.com/personal/insurance/auto/coverages/types/umbrella-insurance,Umbrella Insurance Policy – Nationwide
https://www.nationwide.com/personal/insurance/identity-theft/,Identity Theft Insurance – Nationwide
https://www.nationwide.com/personal/insurance/travel/,Travel & Trip Insurance Plans – Nationwide
